uuid,name,type,primary_role,cb_url,domain,homepage_url,logo_url,facebook_url,twitter_url,linkedin_url,combined_stock_symbols,city,region,country_code,short_description
e1393508-30ea-8a36-3f96-dd3226033abd,Wetpaint,organization,company,https://www.crunchbase.com/organization/wetpaint?utm_source=crunchbase&utm_medium=export&utm_campaign=odm_csv,wetpaint.com,http://www.wetpaint.com/,https://res.cloudinary.com/crunchbase-production/image/upload/v1397180177/2036b3394a37152e0ff69f27c71bc883.jpg,https://www.facebook.com/Wetpaint,https://twitter.com/wetpainttv,https://www.linkedin.com/company/wetpaint,,New York,New York,USA,Wetpaint offers an online social publishing platform that helps digital publishers grow their customer base.
bf4d7b0e-b34d-2fd8-d292-6049c4f7efc7,Zoho,organization,company,https://www.crunchbase.com/organization/zoho?utm_source=crunchbase&utm_medium=export&utm_campaign=odm_csv,zoho.com,https://www.zoho.com/,https://res.cloudinary.com/crunchbase-production/image/upload/v1397180181/f8aaab73f17af0296eba5deda7a5b95b.png,http://www.facebook.com/zoho,http://twitter.com/zoho,http://www.linkedin.com/company/zoho-corporation_38373,,Pleasanton,California,USA,"Zoho offers a suite of business, collaboration, and productivity applications."
5f2b40b8-d1b3-d323-d81a-b7a8e89553d0,Digg,organization,company,https://www.crunchbase.com/organization/digg?utm_source=crunchbase&utm_medium=export&utm_campaign=odm_csv,digg.com,http://www.digg.com,https://res.cloudinary.com/crunchbase-production/image/upload/v1397180182/e77f8f561153ffb45a9ffd538978380d.jpg,http://www.facebook.com/digg,http://twitter.com/digg,http://www.linkedin.com/company/digg,,New York,New York,USA,"Digg Inc. operates a website that enables its users to find, read, and share the most interesting and talked about stories on the internet."
df662812-7f97-0b43-9d3e-12f64f504fbb,Facebook,organization,company,https://www.crunchbase.com/organization/facebook?utm_source=crunchbase&utm_medium=export&utm_campaign=odm_csv,facebook.com,http://www.facebook.com,https://res.cloudinary.com/crunchbase-production/image/upload/rde5yhdgakaqryj6zpu6,https://www.facebook.com/facebook/,https://twitter.com/facebook,http://www.linkedin.com/company/facebook,nasdaq:FB,Menlo Park,California,USA,Facebook is an online social networking service that enables its users to connect with friends and family.
b08efc27-da40-505a-6f9d-c9e14247bf36,Accel,organization,investor,https://www.crunchbase.com/organization/accel?utm_source=crunchbase&utm_medium=export&utm_campaign=odm_csv,accel.com,http://www.accel.com,https://res.cloudinary.com/crunchbase-production/image/upload/kxcwecxf439wsgluv7jv,http://www.facebook.com/accel,http://twitter.com/accel,https://www.linkedin.com/company/accel-vc/,,Palo Alto,California,USA,Accel is an early and growth-stage venture capital firm that powers a global community of entrepreneurs.
60485007-8856-bbac-aa1b-c535c41f5f47,Omnidrive,organization,company,https://www.crunchbase.com/organization/omnidrive?utm_source=crunchbase&utm_medium=export&utm_campaign=odm_csv,omnidrive.com,http://www.omnidrive.com,https://res.cloudinary.com/crunchbase-production/image/upload/v1397180186/92c052d6a6a731bb201d95b927a7ff91.jpg,http://www.facebook.com/Nomadesk,http://twitter.com/Nomadesk,,,Palo Alto,California,USA,"Omnidrive provides online storage facilities that allow users to access, edit and share their files via a web browser."
c99a79a6-aae3-4b86-8c84-99f339ea37db,𠮷 River Information System,organization,company,https://www.crunchbase.com/organization/?-river-information-system?utm_source=crunchbase&utm_medium=export&utm_campaign=odm_csv,yjs.co.jp,http://www.yjs.co.jp/,https://res.cloudinary.com/crunchbase-production/image/upload/thlah6xf7ix0nr0qhd9n,,,,,Osaka-shi,Osaka,JPN,
7e44e261-585d-4263-99e3-00a98e8988d6,ZPA Nová Paka,organization,company,https://www.crunchbase.com/organization/zpa-nová-paka?utm_source=crunchbase&utm_medium=export&utm_campaign=odm_csv,zpanp.cz,https://www.zpanp.cz/,https://res.cloudinary.com/crunchbase-production/image/upload/7aed7cfa368a5e4b3134,,,,,Nova Paka,Liberecky kraj,CZE,
dde90172-f784-4ccb-9a42-b5b75047a0b1,《期货日报》社有限公司,organization,company,https://www.crunchbase.com/organization/期货日报-社有限公司?utm_source=crunchbase&utm_medium=export&utm_campaign=odm_csv,qhrb.com.cn,http://qhrb.com.cn,https://res.cloudinary.com/crunchbase-production/image/upload/ieqqojalus5ceqgjouv2,,,,,,,,
1bf2f0d9-b344-085d-2130-91a7746c1020,"""Believe & Succeed""",organization,company,https://www.crunchbase.com/organization/believe-succeed?utm_source=crunchbase&utm_medium=export&utm_campaign=odm_csv,believe-succeed.com,http://www.believe-succeed.com,,,,,,Saint Paul,Minnesota,USA,
18ec2450-0f0b-4d6b-98bb-9e5eba25b99a,"""Bureau BM""",organization,company,https://www.crunchbase.com/organization/bureau-bm?utm_source=crunchbase&utm_medium=export&utm_campaign=odm_csv,bureaubm.nl,http://www.bureaubm.nl,https://res.cloudinary.com/crunchbase-production/image/upload/379d13d795eb8c2a7ef7,,,,,Sliedrecht,Zuid-Holland,NLD,
f0c3f00b-f808-4e47-b7e4-39f96c33f1d2,ゼン トレーダー [Zentrader.com],organization,company,https://www.crunchbase.com/organization/ゼン-トレーダー?utm_source=crunchbase&utm_medium=export&utm_campaign=odm_csv,zentrader.com,https://zentrader.com/ja/,https://res.cloudinary.com/crunchbase-production/image/upload/wjjip3urwxlgwbkzvolg,,,,,,,,
549674d0-eced-4e95-a34d-da24de60fb29,Форус,organization,company,https://www.crunchbase.com/organization/форус?utm_source=crunchbase&utm_medium=export&utm_campaign=odm_csv,forus.ru,https://www.forus.ru/,https://res.cloudinary.com/crunchbase-production/image/upload/2d9d0dcf717fb9af59ec,,,,,Irkutsk,Irkutsk,RUS,
beaaaa39-2289-45f0-9896-9662018a1964,Хостинг с защитой от DDoS атак Gate-Host.ru,organization,company,https://www.crunchbase.com/organization/хостинг-с-защитой-от-ddos-атак-gate-host-ru?utm_source=crunchbase&utm_medium=export&utm_campaign=odm_csv,gate-host.ru,https://gate-host.ru,,,,,,,,,
6166dc01-f8ac-2af5-fa06-33d1e767153a,[ carrozo ],organization,company,https://www.crunchbase.com/organization/carrozo?utm_source=crunchbase&utm_medium=export&utm_campaign=odm_csv,carrozo.com,http://carrozo.com,https://res.cloudinary.com/crunchbase-production/image/upload/v1462907600/lmyz8uxkylnvhgvlyylv.png,,,,,,,,
2a276d36-9c77-c488-f44e-466b94a8ef54,]project-open[,organization,company,https://www.crunchbase.com/organization/project-open?utm_source=crunchbase&utm_medium=export&utm_campaign=odm_csv,project-open.com,http://www.project-open.com,https://res.cloudinary.com/crunchbase-production/image/upload/v1397183248/dc0bce9735f567c2849a595d0c3836ce.png,,,,,Barcelona,Catalonia,ESP,
71d7f6c9-681b-bc7a-81ef-b30a5d871176,{buzz,organization,company,https://www.crunchbase.com/organization/buzzmove?utm_source=crunchbase&utm_medium=export&utm_campaign=odm_csv,buzzmove.com,https://www.buzzmove.com,https://res.cloudinary.com/crunchbase-production/image/upload/vjvseljwxfyw1uqcmgw9,,,,,London,England,GBR,
96705544-7b80-4b1c-a1d8-a650dbfc08ee,{code},organization,company,https://www.crunchbase.com/organization/code-08ee?utm_source=crunchbase&utm_medium=export&utm_campaign=odm_csv,thecodeteam.com,https://thecodeteam.com/,https://res.cloudinary.com/crunchbase-production/image/upload/jevvdwj7hjfbumdacj9p,,,,,,,,
895f7201-e579-49de-84ca-2d669acfffac,{IT}Prosteer,organization,company,https://www.crunchbase.com/organization/it-prosteer?utm_source=crunchbase&utm_medium=export&utm_campaign=odm_csv,itprosteer.com,http://itprosteer.com,https://res.cloudinary.com/crunchbase-production/image/upload/930c9889399687d452dc,,,,,Lviv,L'vivs'ka Oblast',UKR,
3d1ad105-37ac-fd19-4db8-c30207585b4d,*SCAPE,organization,company,https://www.crunchbase.com/organization/scape?utm_source=crunchbase&utm_medium=export&utm_campaign=odm_csv,scape.sg,https://www.scape.sg/,https://res.cloudinary.com/crunchbase-production/image/upload/v1410604971/hledwkax0gau83s6mxkr.png,,,,,Singapore,Central Region,SGP,
225fd4a1-f67a-e0ae-6db2-4ffbe1cb13ff,*Wild/card (inter)[active],organization,company,https://www.crunchbase.com/organization/wildcard-trans-media?utm_source=crunchbase&utm_medium=export&utm_campaign=odm_csv,wldcrd.info,https://wldcrd.info,https://res.cloudinary.com/crunchbase-production/image/upload/gt1aws6n3uuoyvwzyyv0,,,,,Eugene,Oregon,USA,
18736df0-bd67-11f5-568b-5f94706a274c,< stealth wearables >,organization,company,https://www.crunchbase.com/organization/stealth-wearables?utm_source=crunchbase&utm_medium=export&utm_campaign=odm_csv,stealthwearables.com,http://stealthwearables.com,,,,,,,,,
3c3e1383-9e37-a396-e86e-902623d3f50c,<bitcore>,organization,company,https://www.crunchbase.com/organization/bitcore?utm_source=crunchbase&utm_medium=export&utm_campaign=odm_csv,bitcore.com,http://www.bitcore.com,https://res.cloudinary.com/crunchbase-production/image/upload/v1451416151/sd2q06kkwkpt5o3apkfb.png,,,,,Pittsburgh,Pennsylvania,USA,
44800243-bec2-4548-97c4-279edf60ee22,<dev/Mission>,organization,company,https://www.crunchbase.com/organization/dev-mission?utm_source=crunchbase&utm_medium=export&utm_campaign=odm_csv,devmission.org,http://devmission.org,https://res.cloudinary.com/crunchbase-production/image/upload/xede3ezbaq9z9wjfev0s,,,,,San Francisco,California,USA,
85c5daeb-6836-442b-8ca8-a872ed79f8c3,<div> ersity,organization,company,https://www.crunchbase.com/organization/diversity-f8c3?utm_source=crunchbase&utm_medium=export&utm_campaign=odm_csv,hirediversity.us,https://hirediversity.us/,https://res.cloudinary.com/crunchbase-production/image/upload/codf7brnktczf8f7qwgz,,,,,Boulder,Colorado,USA,
66be560a-72b0-4c0e-be06-ac5c6f21dd38,<Tuple>,organization,company,https://www.crunchbase.com/organization/tuple-dd38?utm_source=crunchbase&utm_medium=export&utm_campaign=odm_csv,tuple.xyz,http://tuple.xyz,https://res.cloudinary.com/crunchbase-production/image/upload/z3buzhpdons99rafe2ue,,,,,Charlotte,North Carolina,USA,
5ca247c8-1dcf-407a-ac29-3e2248b61934,>>venture>>,organization,investor,https://www.crunchbase.com/organization/venture-1934?utm_source=crunchbase&utm_medium=export&utm_campaign=odm_csv,venture.ch,https://www.venture.ch/,https://res.cloudinary.com/crunchbase-production/image/upload/fkp85wlmsioyc5o8nk2m,,,,,Zürich,Zurich,CHE,